{
  "Name": "CardCustom",
  "Transform": {
    "posX": -44.838199615478516,
    "posY": 0.9154000282287598,
    "posZ": 68.9529037475586,
    "rotX": 0.0013000000035390258,
    "rotY": 180.0,
    "rotZ": 180.0019073486328,
    "scaleX": 1.5299999713897705,
    "scaleY": 1.0,
    "scaleZ": 1.5299999713897705
  },
  "Nickname": "Depopulation",
  "Description": "",
  "GMNotes": "",
  "AltLookAngle": {
    "x": 0.0,
    "y": 0.0,
    "z": 0.0
  },
  "ColorDiffuse": {
    "r": 0.7131999731063843,
    "g": 0.7131999731063843,
    "b": 0.7131999731063843
  },
  "Tags": [
    "Fear"
  ],
  "LayoutGroupSortIndex": 0,
  "Value": 0,
  "Locked": false,
  "Grid": false,
  "Snap": true,
  "IgnoreFoW": false,
  "MeasureMovement": false,
  "DragSelectable": true,
  "Autoraise": true,
  "Sticky": true,
  "Tooltip": true,
  "GridProjection": false,
  "HideWhenFaceDown": true,
  "Hands": true,
  "CardID": 62209,
  "SidewaysCard": false
}
