{
  "Name": "BlockSquare",
  "Transform": {
    "posX": 115.6663818359375,
    "posY": 0.800000011920929,
    "posZ": 28.246078491210938,
    "rotX": 1.3527072042052168e-05,
    "rotY": 90.00469970703125,
    "rotZ": 0.0,
    "scaleX": 153.2071533203125,
    "scaleY": 0.2999995946884155,
    "scaleZ": 3.9809775352478027
  },
  "Nickname": "",
  "Description": "",
  "GMNotes": "",
  "ColorDiffuse": {
    "r": 0.08235206454992294,
    "g": 0.05882277339696884,
    "b": 0.03921568766236305
  },
  "LayoutGroupSortIndex": 0,
  "Value": 0,
  "Locked": true,
  "Grid": true,
  "Snap": true,
  "IgnoreFoW": false,
  "MeasureMovement": false,
  "DragSelectable": true,
  "Autoraise": true,
  "Sticky": true,
  "Tooltip": true,
  "GridProjection": false,
  "HideWhenFaceDown": false,
  "Hands": false
}
