{
  "Name": "BlockSquare",
  "Transform": {
    "posX": 95.70722961425781,
    "posY": 0.7996453046798706,
    "posZ": 28.02208709716797,
    "rotX": -0.004455176647752523,
    "rotY": 89.99153900146484,
    "rotZ": -1.2162522580183577e-06,
    "scaleX": 68.5631332397461,
    "scaleY": 0.30000001192092896,
    "scaleZ": 2.0924391746520996
  },
  "Nickname": "",
  "Description": "",
  "GMNotes": "",
  "ColorDiffuse": {
    "r": 0.08235203474760056,
    "g": 0.05882275104522705,
    "b": 0.03921568766236305
  },
  "LayoutGroupSortIndex": 0,
  "Value": 0,
  "Locked": true,
  "Grid": true,
  "Snap": true,
  "IgnoreFoW": false,
  "MeasureMovement": false,
  "DragSelectable": true,
  "Autoraise": true,
  "Sticky": true,
  "Tooltip": true,
  "GridProjection": false,
  "HideWhenFaceDown": false,
  "Hands": false
}
