{
  "Name": "BlockSquare",
  "Transform": {
    "posX": 95.70719909667969,
    "posY": 0.7996000051498413,
    "posZ": 28.0221004486084,
    "rotX": -0.0,
    "rotY": 90.0,
    "rotZ": 0.0,
    "scaleX": 68.56310272216797,
    "scaleY": 0.30000001192092896,
    "scaleZ": 2.092400074005127
  },
  "Nickname": "",
  "Description": "",
  "GMNotes": "",
  "ColorDiffuse": {
    "r": 0.08239982277154922,
    "g": 0.0587998628616333,
    "b": 0.03920000046491623
  },
  "Tags": [
    "Uninteractable"
  ],
  "LayoutGroupSortIndex": 0,
  "Value": 0,
  "Locked": true,
  "Grid": true,
  "Snap": true,
  "IgnoreFoW": false,
  "MeasureMovement": false,
  "DragSelectable": true,
  "Autoraise": true,
  "Sticky": true,
  "Tooltip": true,
  "GridProjection": false,
  "HideWhenFaceDown": false,
  "Hands": false
}
