{
  "Name": "Counter",
  "Transform": {
    "posX": -51.219600677490234,
    "posY": 1.214400053024292,
    "posZ": 43.98740005493164,
    "rotX": 359.8764953613281,
    "rotY": 0.05660000070929527,
    "rotZ": 0.16349999606609344,
    "scaleX": 1.0,
    "scaleY": 1.0,
    "scaleZ": 1.0
  },
  "Nickname": "",
  "Description": "",
  "GMNotes": "",
  "ColorDiffuse": {
    "r": 0.08240000158548355,
    "g": 0.08240000158548355,
    "b": 0.08240000158548355
  },
  "LayoutGroupSortIndex": 0,
  "Value": 0,
  "Locked": false,
  "Grid": false,
  "Snap": false,
  "IgnoreFoW": false,
  "MeasureMovement": false,
  "DragSelectable": true,
  "Autoraise": true,
  "Sticky": true,
  "Tooltip": true,
  "GridProjection": false,
  "HideWhenFaceDown": false,
  "Hands": false,
  "Counter": {
    "value": 0
  }
}
