{
  "Name": "Card",
  "Transform": {
    "posX": -48.97990036010742,
    "posY": 1.4673000574111938,
    "posZ": 49.63690185546875,
    "rotX": 0.0,
    "rotY": 180.0,
    "rotZ": 180.0,
    "scaleX": 1.5299999713897705,
    "scaleY": 1.0,
    "scaleZ": 1.5299999713897705
  },
  "Nickname": "",
  "Description": "",
  "GMNotes": "",
  "ColorDiffuse": {
    "r": 0.7131999731063843,
    "g": 0.7131999731063843,
    "b": 0.7131999731063843
  },
  "LayoutGroupSortIndex": 0,
  "Value": 0,
  "Locked": false,
  "Grid": true,
  "Snap": true,
  "IgnoreFoW": false,
  "MeasureMovement": false,
  "DragSelectable": true,
  "Autoraise": true,
  "Sticky": true,
  "Tooltip": true,
  "GridProjection": false,
  "Hands": true,
  "CardID": 65017,
  "SidewaysCard": false
}
