{
  "Name": "Infinite_Bag",
  "Transform": {
    "posX": 66.98999786376953,
    "posY": -1.399999976158142,
    "posZ": -13.599982261657715,
    "rotX": 3.742757712643652e-07,
    "rotY": 180.0,
    "rotZ": -0.00014439650112763047,
    "scaleX": 1.2999999523162842,
    "scaleY": 0.9000000953674316,
    "scaleZ": 1.2999999523162842
  },
  "Nickname": "Element Token",
  "Description": "Use these for when a  powers/events/growths which gift elements, or when you reveal an element on your presence tracks",
  "GMNotes": "",
  "ColorDiffuse": {
    "r": 0.8549019694328308,
    "g": 0.09803005307912827,
    "b": 0.09018764644861221,
    "a": 0.0
  },
  "LayoutGroupSortIndex": 0,
  "Locked": true,
  "Grid": true,
  "Snap": true,
  "IgnoreFoW": false,
  "MeasureMovement": false,
  "DragSelectable": true,
  "Autoraise": true,
  "Sticky": true,
  "Tooltip": true,
  "GridProjection": false,
  "HideWhenFaceDown": false,
  "Hands": false,
  "MaterialIndex": -1,
  "MeshIndex": -1
}
