{
  "Name": "Custom_Assetbundle",
  "Transform": {
    "posX": -6.571975231170654,
    "posY": 0.9044609665870667,
    "posZ": -46.379844665527344,
    "rotX": 0.00444753235206008,
    "rotY": 179.9999237060547,
    "rotZ": 0.002755389316007495,
    "scaleX": 24.963390350341797,
    "scaleY": 0.009999999776482582,
    "scaleZ": 0.20000000298023224
  },
  "Nickname": "",
  "Description": "",
  "GMNotes": "",
  "ColorDiffuse": {
    "r": 0.46227145195007324,
    "g": 0.30144229531288147,
    "b": 0.2859871983528137
  },
  "LayoutGroupSortIndex": 0,
  "Locked": true,
  "Grid": true,
  "Snap": true,
  "IgnoreFoW": false,
  "MeasureMovement": false,
  "DragSelectable": true,
  "Autoraise": false,
  "Sticky": true,
  "Tooltip": true,
  "GridProjection": false,
  "HideWhenFaceDown": false,
  "Hands": false,
  "CustomAssetbundle": {
    "AssetbundleURL": "chry.me/tts/3droom/hardwood_table.unity3d",
    "AssetbundleSecondaryURL": "",
    "MaterialIndex": 1,
    "TypeIndex": 4,
    "LoopingEffectIndex": 0
  }
}
