{
  "Name": "Card",
  "Transform": {
    "posX": 28.856199264526367,
    "posY": 1.02547025680542,
    "posZ": 54.0602912902832,
    "rotX": -0.000545777496881783,
    "rotY": 179.9934844970703,
    "rotZ": 177.670654296875,
    "scaleX": 1.0,
    "scaleY": 1.0,
    "scaleZ": 1.0
  },
  "Nickname": "",
  "Description": "",
  "GMNotes": "",
  "ColorDiffuse": {
    "r": 0.7132352590560913,
    "g": 0.7132352590560913,
    "b": 0.7132352590560913
  },
  "LayoutGroupSortIndex": 0,
  "Locked": false,
  "Grid": true,
  "Snap": true,
  "IgnoreFoW": false,
  "MeasureMovement": false,
  "DragSelectable": true,
  "Autoraise": true,
  "Sticky": true,
  "Tooltip": true,
  "GridProjection": false,
  "Hands": true,
  "CardID": 57802,
  "SidewaysCard": false
}
