{
  "Name": "Counter",
  "Transform": {
    "posX": -51.21961975097656,
    "posY": 1.2143633365631104,
    "posZ": 43.987388610839844,
    "rotX": 359.87646484375,
    "rotY": 0.05662256106734276,
    "rotZ": 0.16346828639507294,
    "scaleX": 1.0,
    "scaleY": 1.0,
    "scaleZ": 1.0
  },
  "Nickname": "",
  "Description": "",
  "GMNotes": "",
  "ColorDiffuse": {
    "r": 0.08235291391611099,
    "g": 0.08235291391611099,
    "b": 0.08235291391611099
  },
  "LayoutGroupSortIndex": 0,
  "Locked": false,
  "Grid": false,
  "Snap": false,
  "IgnoreFoW": false,
  "MeasureMovement": false,
  "DragSelectable": true,
  "Autoraise": true,
  "Sticky": true,
  "Tooltip": true,
  "GridProjection": false,
  "HideWhenFaceDown": false,
  "Hands": false,
  "Counter": {
    "value": 0
  }
}
