{
  "Name": "Card",
  "Transform": {
    "posX": 30.540000915527344,
    "posY": 0.9631273746490479,
    "posZ": 50.70000076293945,
    "rotX": -1.0867227473454477e-07,
    "rotY": 180.0,
    "rotZ": 179.99986267089844,
    "scaleX": 1.0,
    "scaleY": 1.0,
    "scaleZ": 1.0
  },
  "Nickname": "",
  "Description": "",
  "GMNotes": "",
  "ColorDiffuse": {
    "r": 0.7132352590560913,
    "g": 0.7132352590560913,
    "b": 0.7132352590560913
  },
  "LayoutGroupSortIndex": 0,
  "Locked": false,
  "Grid": true,
  "Snap": true,
  "IgnoreFoW": false,
  "MeasureMovement": false,
  "DragSelectable": true,
  "Autoraise": true,
  "Sticky": true,
  "Tooltip": true,
  "GridProjection": false,
  "Hands": true,
  "CardID": 56300,
  "SidewaysCard": false
}
