{
  "Name": "Infinite_Bag",
  "Transform": {
    "posX": 3.990000009536743,
    "posY": -1.399999976158142,
    "posZ": -13.599982261657715,
    "rotX": -3.255046010508522e-07,
    "rotY": 180.00001525878906,
    "rotZ": 5.28970701907383e-07,
    "scaleX": 1.2999999523162842,
    "scaleY": 0.9000000953674316,
    "scaleZ": 1.2999999523162842
  },
  "Nickname": "Element Token",
  "Description": "Use these for when a  powers/events/growths which gift elements, or when you reveal an element on your presence tracks",
  "GMNotes": "",
  "ColorDiffuse": {
    "r": 0.8549019694328308,
    "g": 0.09802999347448349,
    "b": 0.09018760174512863,
    "a": 0.0
  },
  "LayoutGroupSortIndex": 0,
  "Locked": true,
  "Grid": true,
  "Snap": true,
  "IgnoreFoW": false,
  "MeasureMovement": false,
  "DragSelectable": true,
  "Autoraise": true,
  "Sticky": true,
  "Tooltip": true,
  "GridProjection": false,
  "HideWhenFaceDown": false,
  "Hands": false,
  "MaterialIndex": -1,
  "MeshIndex": -1
}
