{
  "Name": "BlockSquare",
  "Transform": {
    "posX": 30.385499954223633,
    "posY": 0.800000011920929,
    "posZ": -14.1141996383667,
    "rotX": -0.0,
    "rotY": 0.0,
    "rotZ": 0.0,
    "scaleX": 139.03370666503906,
    "scaleY": 0.30000001192092896,
    "scaleZ": 2.482100009918213
  },
  "Nickname": "",
  "Description": "",
  "GMNotes": "",
  "ColorDiffuse": {
    "r": 0.08239956945180893,
    "g": 0.05879965424537659,
    "b": 0.03920000046491623
  },
  "Tags": [
    "Uninteractable"
  ],
  "LayoutGroupSortIndex": 0,
  "Value": 0,
  "Locked": true,
  "Grid": true,
  "Snap": true,
  "IgnoreFoW": false,
  "MeasureMovement": false,
  "DragSelectable": true,
  "Autoraise": true,
  "Sticky": true,
  "Tooltip": true,
  "GridProjection": false,
  "HideWhenFaceDown": false,
  "Hands": false
}
