{
  "Name": "CardCustom",
  "Transform": {
    "posX": -45.274898529052734,
    "posY": 0.8546000123023987,
    "posZ": 69.24490356445312,
    "rotX": -0.004100000020116568,
    "rotY": 180.0,
    "rotZ": 180.01370239257812,
    "scaleX": 1.5299999713897705,
    "scaleY": 1.0,
    "scaleZ": 1.5299999713897705
  },
  "Nickname": "Angry Mobs",
  "Description": "",
  "GMNotes": "",
  "ColorDiffuse": {
    "r": 0.7131999731063843,
    "g": 0.7131999731063843,
    "b": 0.7131999731063843
  },
  "Tags": [
    "Fear"
  ],
  "LayoutGroupSortIndex": 0,
  "Value": 0,
  "Locked": false,
  "Grid": false,
  "Snap": true,
  "IgnoreFoW": false,
  "MeasureMovement": false,
  "DragSelectable": true,
  "Autoraise": true,
  "Sticky": true,
  "Tooltip": true,
  "GridProjection": false,
  "HideWhenFaceDown": true,
  "Hands": true,
  "CardID": 62202,
  "SidewaysCard": false
}
