{
  "Name": "HandTrigger",
  "Transform": {
    "posX": -26.700000762939453,
    "posY": 4.100000381469727,
    "posZ": -46.31417465209961,
    "rotX": -0.0,
    "rotY": 0.0,
    "rotZ": 0.0,
    "scaleX": 18.40999984741211,
    "scaleY": 6.483764171600342,
    "scaleZ": 4.699999809265137
  },
  "Nickname": "",
  "Description": "",
  "GMNotes": "",
  "ColorDiffuse": {
    "r": 0.8560000061988831,
    "g": 0.09999997168779373,
    "b": 0.0939999595284462,
    "a": 0.0
  },
  "LayoutGroupSortIndex": 0,
  "Value": 0,
  "Locked": true,
  "Grid": false,
  "Snap": true,
  "IgnoreFoW": false,
  "MeasureMovement": false,
  "DragSelectable": true,
  "Autoraise": true,
  "Sticky": true,
  "Tooltip": true,
  "GridProjection": false,
  "HideWhenFaceDown": false,
  "Hands": false,
  "FogColor": "Red"
}
