{
  "Name": "Infinite_Bag",
  "Transform": {
    "posX": -119.69009399414062,
    "posY": 1.1281275749206543,
    "posZ": 9.020164489746094,
    "rotX": 359.9801025390625,
    "rotY": 356.2833557128906,
    "rotZ": 0.00141521159093827,
    "scaleX": 0.5812500715255737,
    "scaleY": 0.3875001072883606,
    "scaleZ": 0.5812500715255737
  },
  "Nickname": "Element Markers",
  "Description": "1 = Sun\n2 = Moon\n3 = Fire\n4 = Wind\n5 = Water\n6 = Earth\n7 = Plants\n8 = Animals\n9 = Blank/Any",
  "GMNotes": "",
  "ColorDiffuse": {
    "r": 0.30588850378990173,
    "g": 0.3725551664829254,
    "b": 1.0
  },
  "LayoutGroupSortIndex": 0,
  "Locked": true,
  "Grid": true,
  "Snap": true,
  "IgnoreFoW": false,
  "MeasureMovement": false,
  "DragSelectable": true,
  "Autoraise": true,
  "Sticky": true,
  "Tooltip": true,
  "GridProjection": false,
  "HideWhenFaceDown": false,
  "Hands": false,
  "MaterialIndex": -1,
  "MeshIndex": -1
}
