{
  "Name": "BlockSquare",
  "Transform": {
    "posX": 30.59276580810547,
    "posY": 0.800000011920929,
    "posZ": -46.377052307128906,
    "rotX": -0.004444730468094349,
    "rotY": -6.393249350367114e-06,
    "rotZ": -3.692636880714417e-07,
    "scaleX": 173.93292236328125,
    "scaleY": 0.30000001192092896,
    "scaleZ": 3.9807167053222656
  },
  "Nickname": "",
  "Description": "",
  "GMNotes": "",
  "ColorDiffuse": {
    "r": 0.08235207945108414,
    "g": 0.05882280319929123,
    "b": 0.03921568766236305
  },
  "LayoutGroupSortIndex": 0,
  "Value": 0,
  "Locked": true,
  "Grid": true,
  "Snap": true,
  "IgnoreFoW": false,
  "MeasureMovement": false,
  "DragSelectable": true,
  "Autoraise": true,
  "Sticky": true,
  "Tooltip": true,
  "GridProjection": false,
  "HideWhenFaceDown": false,
  "Hands": false
}
