{
  "Name": "BlockSquare",
  "Transform": {
    "posX": 30.59280014038086,
    "posY": 0.800000011920929,
    "posZ": -46.37710189819336,
    "rotX": -0.0,
    "rotY": 0.0,
    "rotZ": 0.0,
    "scaleX": 173.9329071044922,
    "scaleY": 0.30000001192092896,
    "scaleZ": 3.9807000160217285
  },
  "Nickname": "",
  "Description": "",
  "GMNotes": "",
  "ColorDiffuse": {
    "r": 0.08239985257387161,
    "g": 0.05879988521337509,
    "b": 0.03920000046491623
  },
  "Tags": [
    "Uninteractable"
  ],
  "LayoutGroupSortIndex": 0,
  "Value": 0,
  "Locked": true,
  "Grid": true,
  "Snap": true,
  "IgnoreFoW": false,
  "MeasureMovement": false,
  "DragSelectable": true,
  "Autoraise": true,
  "Sticky": true,
  "Tooltip": true,
  "GridProjection": false,
  "HideWhenFaceDown": false,
  "Hands": false
}
