{
  "Name": "Infinite_Bag",
  "Transform": {
    "posX": -9.009305953979492,
    "posY": -0.7368068695068359,
    "posZ": -13.599982261657715,
    "rotX": -7.635197107447311e-06,
    "rotY": 180.0,
    "rotZ": -0.0001442615466658026,
    "scaleX": 1.2999999523162842,
    "scaleY": 0.9000000953674316,
    "scaleZ": 1.2999999523162842
  },
  "Nickname": "Element Token",
  "Description": "Use these for when a  powers/events/growths which gift elements, or when you reveal an element on your presence tracks",
  "GMNotes": "",
  "ColorDiffuse": {
    "r": 0.8549019694328308,
    "g": 0.09803242236375809,
    "b": 0.09018982201814651,
    "a": 0.0
  },
  "LayoutGroupSortIndex": 0,
  "Locked": true,
  "Grid": true,
  "Snap": true,
  "IgnoreFoW": false,
  "MeasureMovement": false,
  "DragSelectable": true,
  "Autoraise": true,
  "Sticky": true,
  "Tooltip": true,
  "GridProjection": false,
  "HideWhenFaceDown": false,
  "Hands": false,
  "MaterialIndex": -1,
  "MeshIndex": -1
}
