{
  "Name": "BlockSquare",
  "Transform": {
    "posX": -39.040000915527344,
    "posY": 0.8011000156402588,
    "posZ": -25.725799560546875,
    "rotX": -0.0,
    "rotY": 90.0,
    "rotZ": 0.0,
    "scaleX": 38.58169937133789,
    "scaleY": 0.30000001192092896,
    "scaleZ": 2.092600107192993
  },
  "Nickname": "",
  "Description": "",
  "GMNotes": "",
  "ColorDiffuse": {
    "r": 0.0823998972773552,
    "g": 0.05879993736743927,
    "b": 0.03920000046491623
  },
  "LayoutGroupSortIndex": 0,
  "Value": 0,
  "Locked": true,
  "Grid": true,
  "Snap": true,
  "IgnoreFoW": false,
  "MeasureMovement": false,
  "DragSelectable": true,
  "Autoraise": true,
  "Sticky": true,
  "Tooltip": true,
  "GridProjection": false,
  "HideWhenFaceDown": false,
  "Hands": false
}
