{
  "Name": "BlockSquare",
  "Transform": {
    "posX": 30.570011138916016,
    "posY": 0.800000011920929,
    "posZ": -6.657575607299805,
    "rotX": 0.0,
    "rotY": -0.003712600562721491,
    "rotZ": 0.0,
    "scaleX": 174.11000061035156,
    "scaleY": 0.30000001192092896,
    "scaleZ": 2.0899999141693115
  },
  "Nickname": "",
  "Description": "",
  "GMNotes": "",
  "ColorDiffuse": {
    "r": 0.08235206454992294,
    "g": 0.05882277339696884,
    "b": 0.03921568766236305
  },
  "LayoutGroupSortIndex": 0,
  "Value": 0,
  "Locked": true,
  "Grid": true,
  "Snap": true,
  "IgnoreFoW": false,
  "MeasureMovement": false,
  "DragSelectable": true,
  "Autoraise": true,
  "Sticky": true,
  "Tooltip": true,
  "GridProjection": false,
  "HideWhenFaceDown": false,
  "Hands": false
}
