{
  "Name": "BlockSquare",
  "Transform": {
    "posX": 30.56999969482422,
    "posY": 0.800000011920929,
    "posZ": -6.657599925994873,
    "rotX": -0.0,
    "rotY": 0.0,
    "rotZ": 0.0,
    "scaleX": 174.11000061035156,
    "scaleY": 0.30000001192092896,
    "scaleZ": 2.0899999141693115
  },
  "Nickname": "",
  "Description": "",
  "GMNotes": "",
  "ColorDiffuse": {
    "r": 0.08239967375993729,
    "g": 0.05879974365234375,
    "b": 0.03920000046491623
  },
  "Tags": [
    "Uninteractable"
  ],
  "LayoutGroupSortIndex": 0,
  "Value": 0,
  "Locked": true,
  "Grid": true,
  "Snap": true,
  "IgnoreFoW": false,
  "MeasureMovement": false,
  "DragSelectable": true,
  "Autoraise": true,
  "Sticky": true,
  "Tooltip": true,
  "GridProjection": false,
  "HideWhenFaceDown": false,
  "Hands": false
}
