{
  "Name": "BlockSquare",
  "Transform": {
    "posX": 100.2699966430664,
    "posY": 0.800000011920929,
    "posZ": -26.730100631713867,
    "rotX": -0.0,
    "rotY": 90.0,
    "rotZ": 0.0,
    "scaleX": 40.52470016479492,
    "scaleY": 0.30000001192092896,
    "scaleZ": 2.092600107192993
  },
  "Nickname": "",
  "Description": "",
  "GMNotes": "",
  "ColorDiffuse": {
    "r": 0.08239922672510147,
    "g": 0.058799341320991516,
    "b": 0.03920000046491623
  },
  "LayoutGroupSortIndex": 0,
  "Value": 0,
  "Locked": true,
  "Grid": true,
  "Snap": true,
  "IgnoreFoW": false,
  "MeasureMovement": false,
  "DragSelectable": true,
  "Autoraise": true,
  "Sticky": true,
  "Tooltip": true,
  "GridProjection": false,
  "HideWhenFaceDown": false,
  "Hands": false
}
