{
  "Name": "BlockSquare",
  "Transform": {
    "posX": -34.61370849609375,
    "posY": 0.800000011920929,
    "posZ": 28.196582794189453,
    "rotX": -0.00014464528067037463,
    "rotY": 89.99153900146484,
    "rotZ": 3.0380252979966826e-08,
    "scaleX": 69.51446533203125,
    "scaleY": 0.30000001192092896,
    "scaleZ": 2.0925064086914062
  },
  "Nickname": "",
  "Description": "",
  "GMNotes": "",
  "ColorDiffuse": {
    "r": 0.08235206454992294,
    "g": 0.05882277339696884,
    "b": 0.03921568766236305
  },
  "LayoutGroupSortIndex": 0,
  "Value": 0,
  "Locked": true,
  "Grid": true,
  "Snap": true,
  "IgnoreFoW": false,
  "MeasureMovement": false,
  "DragSelectable": true,
  "Autoraise": true,
  "Sticky": true,
  "Tooltip": true,
  "GridProjection": false,
  "HideWhenFaceDown": false,
  "Hands": false
}
