{
  "Name": "BlockSquare",
  "Transform": {
    "posX": -34.61370086669922,
    "posY": 0.800000011920929,
    "posZ": 28.19659996032715,
    "rotX": -0.0,
    "rotY": 90.0,
    "rotZ": 0.0,
    "scaleX": 69.5145034790039,
    "scaleY": 0.30000001192092896,
    "scaleZ": 2.0924999713897705
  },
  "Nickname": "",
  "Description": "",
  "GMNotes": "",
  "ColorDiffuse": {
    "r": 0.08239982277154922,
    "g": 0.0587998628616333,
    "b": 0.03920000046491623
  },
  "Tags": [
    "Uninteractable"
  ],
  "LayoutGroupSortIndex": 0,
  "Value": 0,
  "Locked": true,
  "Grid": true,
  "Snap": true,
  "IgnoreFoW": false,
  "MeasureMovement": false,
  "DragSelectable": true,
  "Autoraise": true,
  "Sticky": true,
  "Tooltip": true,
  "GridProjection": false,
  "HideWhenFaceDown": false,
  "Hands": false
}
