{
  "Name": "BlockSquare",
  "Transform": {
    "posX": -107.7699966430664,
    "posY": 0.9381788969039917,
    "posZ": -16.040000915527344,
    "rotX": 0.004446631763130426,
    "rotY": 180.00393676757812,
    "rotZ": 1.930909274960868e-05,
    "scaleX": 3.200000047683716,
    "scaleY": 0.10000000149011612,
    "scaleZ": 4.400000095367432
  },
  "Nickname": "Power Editor",
  "Description": "Place a card here to spawn buttons.\n\nSet elements to \"1\" if the card has it or \"0\" if not.\n\nSet energy to 0-9\n\nEvery time you press a button, the card is updated.\n\nWhen finished, remember to save your object/game!",
  "GMNotes": "",
  "ColorDiffuse": {
    "r": 1.0,
    "g": 1.0,
    "b": 1.0,
    "a": 0.08235294371843338
  },
  "LayoutGroupSortIndex": 0,
  "Locked": false,
  "Grid": true,
  "Snap": true,
  "IgnoreFoW": false,
  "MeasureMovement": false,
  "DragSelectable": true,
  "Autoraise": true,
  "Sticky": true,
  "Tooltip": true,
  "GridProjection": false,
  "HideWhenFaceDown": false,
  "Hands": false,
  "AttachedSnapPoints": [
    {
      "Position": {
        "x": 6.752575700375019e-06,
        "y": 0.4999995231628418,
        "z": 1.343545818599523e-06
      },
      "Rotation": {
        "x": -9.237017906116307e-08,
        "y": 9.902385841850984e-16,
        "z": -1.228459041158203e-06
      },
      "Tags": []
    }
  ]
}
