{
  "Name": "Custom_Assetbundle",
  "Transform": {
    "posX": 30.483476638793945,
    "posY": 0.8002631664276123,
    "posZ": -14.288789749145508,
    "rotX": -0.0,
    "rotY": 180.00384521484375,
    "rotZ": 0.00020600958669092506,
    "scaleX": 13.963711738586426,
    "scaleY": 0.30000001192092896,
    "scaleZ": 0.15000000596046448
  },
  "Nickname": "",
  "Description": "",
  "GMNotes": "",
  "ColorDiffuse": {
    "r": 0.46227145195007324,
    "g": 0.3014417290687561,
    "b": 0.28598663210868835
  },
  "LayoutGroupSortIndex": 0,
  "Locked": true,
  "Grid": true,
  "Snap": true,
  "IgnoreFoW": false,
  "MeasureMovement": false,
  "DragSelectable": true,
  "Autoraise": false,
  "Sticky": true,
  "Tooltip": true,
  "GridProjection": false,
  "HideWhenFaceDown": false,
  "Hands": false,
  "CustomAssetbundle": {
    "AssetbundleURL": "chry.me/tts/3droom/hardwood_table.unity3d",
    "AssetbundleSecondaryURL": "",
    "MaterialIndex": 1,
    "TypeIndex": 4,
    "LoopingEffectIndex": 0
  }
}
