{
  "Name": "BlockRectangle",
  "Transform": {
    "posX": 30.619699478149414,
    "posY": -1.3513000011444092,
    "posZ": 28.430200576782227,
    "rotX": -0.0,
    "rotY": 90.0,
    "rotZ": 0.0,
    "scaleX": 153.54649353027344,
    "scaleY": 4.2779998779296875,
    "scaleZ": 87.00520324707031
  },
  "Nickname": "",
  "Description": "",
  "GMNotes": "",
  "ColorDiffuse": {
    "r": 0.12829992175102234,
    "g": 0.04659996181726456,
    "b": 0.010700000450015068
  },
  "Tags": [
    "Uninteractable"
  ],
  "LayoutGroupSortIndex": 0,
  "Value": 0,
  "Locked": true,
  "Grid": true,
  "Snap": true,
  "IgnoreFoW": false,
  "MeasureMovement": false,
  "DragSelectable": true,
  "Autoraise": true,
  "Sticky": true,
  "Tooltip": true,
  "GridProjection": false,
  "HideWhenFaceDown": false,
  "Hands": false
}
