{
  "Name": "BlockRectangle",
  "Transform": {
    "posX": 30.619699478149414,
    "posY": -1.3513000011444092,
    "posZ": 39.439998626708984,
    "rotX": -0.0,
    "rotY": 90.0,
    "rotZ": 0.0,
    "scaleX": 175.60000610351562,
    "scaleY": 4.2779998779296875,
    "scaleZ": 87.01000213623047
  },
  "Nickname": "",
  "Description": "",
  "GMNotes": "",
  "AltLookAngle": {
    "x": 0.0,
    "y": 0.0,
    "z": 0.0
  },
  "ColorDiffuse": {
    "r": 0.12829986214637756,
    "g": 0.04659990966320038,
    "b": 0.010700000450015068
  },
  "Tags": [
    "Uninteractable"
  ],
  "LayoutGroupSortIndex": 0,
  "Value": 0,
  "Locked": true,
  "Grid": false,
  "Snap": false,
  "IgnoreFoW": false,
  "MeasureMovement": false,
  "DragSelectable": true,
  "Autoraise": true,
  "Sticky": true,
  "Tooltip": true,
  "GridProjection": false,
  "HideWhenFaceDown": false,
  "Hands": false
}
