{
  "Name": "BlockRectangle",
  "Transform": {
    "posX": 30.61974334716797,
    "posY": -1.3513349294662476,
    "posZ": 28.430179595947266,
    "rotX": -0.004455156624317169,
    "rotY": 90.0,
    "rotZ": -1.8144772866435233e-06,
    "scaleX": 153.5464630126953,
    "scaleY": 4.278007984161377,
    "scaleZ": 87.00523376464844
  },
  "Nickname": "",
  "Description": "",
  "GMNotes": "",
  "ColorDiffuse": {
    "r": 0.1283200979232788,
    "g": 0.0466267392039299,
    "b": 0.01068218145519495
  },
  "LayoutGroupSortIndex": 0,
  "Value": 0,
  "Locked": true,
  "Grid": true,
  "Snap": true,
  "IgnoreFoW": false,
  "MeasureMovement": false,
  "DragSelectable": true,
  "Autoraise": true,
  "Sticky": true,
  "Tooltip": true,
  "GridProjection": false,
  "HideWhenFaceDown": false,
  "Hands": false
}
