{
  "Name": "BlockRectangle",
  "Transform": {
    "posX": -6.366456031799316,
    "posY": -1.4827840328216553,
    "posZ": 6.670571804046631,
    "rotX": -0.004455156624317169,
    "rotY": 90.0,
    "rotZ": -1.8144772866435233e-06,
    "scaleX": 110.10498046875,
    "scaleY": 4.020863056182861,
    "scaleZ": 124.9919662475586
  },
  "Nickname": "",
  "Description": "",
  "GMNotes": "",
  "ColorDiffuse": {
    "r": 0.13297942280769348,
    "g": 0.06611743569374084,
    "b": 0.021546319127082825
  },
  "LayoutGroupSortIndex": 0,
  "Locked": true,
  "Grid": true,
  "Snap": true,
  "IgnoreFoW": false,
  "MeasureMovement": false,
  "DragSelectable": true,
  "Autoraise": true,
  "Sticky": true,
  "Tooltip": true,
  "GridProjection": false,
  "HideWhenFaceDown": false,
  "Hands": false
}
