{
  "Name": "HandTrigger",
  "Transform": {
    "posX": -3.799999952316284,
    "posY": 4.100000381469727,
    "posZ": -50.999996185302734,
    "rotX": -0.0,
    "rotY": 0.0,
    "rotZ": 0.0,
    "scaleX": 18.410114288330078,
    "scaleY": 6.483764171600342,
    "scaleZ": 5.214399337768555
  },
  "Nickname": "",
  "Description": "",
  "GMNotes": "",
  "ColorDiffuse": {
    "r": 0.6269999742507935,
    "g": 0.12499997764825821,
    "b": 0.9409999847412109,
    "a": 0.0
  },
  "LayoutGroupSortIndex": 0,
  "Locked": true,
  "Grid": false,
  "Snap": true,
  "IgnoreFoW": false,
  "MeasureMovement": false,
  "DragSelectable": true,
  "Autoraise": true,
  "Sticky": true,
  "Tooltip": true,
  "GridProjection": false,
  "HideWhenFaceDown": false,
  "Hands": false,
  "FogColor": "Purple"
}
