{
  "Name": "HandTrigger",
  "Transform": {
    "posX": 19.100000381469727,
    "posY": 4.100000381469727,
    "posZ": -46.31417465209961,
    "rotX": -0.0,
    "rotY": 0.0,
    "rotZ": 0.0,
    "scaleX": 18.40999984741211,
    "scaleY": 6.483764171600342,
    "scaleZ": 4.699999809265137
  },
  "Nickname": "",
  "Description": "",
  "GMNotes": "",
  "ColorDiffuse": {
    "r": 0.9049999713897705,
    "g": 0.8980000019073486,
    "b": 0.1719999611377716,
    "a": 0.0
  },
  "LayoutGroupSortIndex": 0,
  "Value": 0,
  "Locked": true,
  "Grid": false,
  "Snap": true,
  "IgnoreFoW": false,
  "MeasureMovement": false,
  "DragSelectable": true,
  "Autoraise": true,
  "Sticky": true,
  "Tooltip": true,
  "GridProjection": false,
  "HideWhenFaceDown": false,
  "Hands": false,
  "FogColor": "Yellow"
}
