{
  "Name": "HandTrigger",
  "Transform": {
    "posX": 64.9000015258789,
    "posY": 4.099999904632568,
    "posZ": -46.31420135498047,
    "rotX": -0.0,
    "rotY": 0.0,
    "rotZ": 0.0,
    "scaleX": 18.40999984741211,
    "scaleY": 6.483799934387207,
    "scaleZ": 4.699999809265137
  },
  "Nickname": "",
  "Description": "",
  "GMNotes": "",
  "ColorDiffuse": {
    "r": 0.19199997186660767,
    "g": 0.7009999752044678,
    "b": 0.16799995303153992,
    "a": 0.0
  },
  "LayoutGroupSortIndex": 0,
  "Value": 0,
  "Locked": true,
  "Grid": false,
  "Snap": true,
  "IgnoreFoW": false,
  "MeasureMovement": false,
  "DragSelectable": true,
  "Autoraise": true,
  "Sticky": true,
  "Tooltip": true,
  "GridProjection": false,
  "HideWhenFaceDown": false,
  "Hands": false,
  "FogColor": "Green"
}
