{
  "Name": "BlockSquare",
  "Transform": {
    "posX": 30.598899841308594,
    "posY": 0.800000011920929,
    "posZ": 103.22630310058594,
    "rotX": -0.004399999976158142,
    "rotY": 0.0,
    "rotZ": 0.0,
    "scaleX": 174.09190368652344,
    "scaleY": 0.30000001192092896,
    "scaleZ": 3.9807000160217285
  },
  "Nickname": "",
  "Description": "",
  "GMNotes": "",
  "ColorDiffuse": {
    "r": 0.08239922672510147,
    "g": 0.058799341320991516,
    "b": 0.03920000046491623
  },
  "LayoutGroupSortIndex": 0,
  "Value": 0,
  "Locked": true,
  "Grid": true,
  "Snap": true,
  "IgnoreFoW": false,
  "MeasureMovement": false,
  "DragSelectable": true,
  "Autoraise": true,
  "Sticky": true,
  "Tooltip": true,
  "GridProjection": false,
  "HideWhenFaceDown": false,
  "Hands": false
}
