{
  "Name": "BlockSquare",
  "Transform": {
    "posX": 30.569299697875977,
    "posY": 0.800000011920929,
    "posZ": 63.35919952392578,
    "rotX": -0.0,
    "rotY": 0.0,
    "rotZ": 0.0,
    "scaleX": 174.10740661621094,
    "scaleY": 0.30000001192092896,
    "scaleZ": 2.0924999713897705
  },
  "Nickname": "",
  "Description": "",
  "GMNotes": "",
  "AltLookAngle": {
    "x": 0.0,
    "y": 0.0,
    "z": 0.0
  },
  "ColorDiffuse": {
    "r": 0.08239910751581192,
    "g": 0.05879925191402435,
    "b": 0.03920000046491623
  },
  "Tags": [
    "Uninteractable"
  ],
  "LayoutGroupSortIndex": 0,
  "Value": 0,
  "Locked": true,
  "Grid": true,
  "Snap": true,
  "IgnoreFoW": false,
  "MeasureMovement": false,
  "DragSelectable": true,
  "Autoraise": true,
  "Sticky": true,
  "Tooltip": true,
  "GridProjection": false,
  "HideWhenFaceDown": false,
  "Hands": false
}
