{
  "Name": "BlockSquare",
  "Transform": {
    "posX": -54.493446350097656,
    "posY": 0.800000011920929,
    "posZ": 28.024494171142578,
    "rotX": -0.004444737918674946,
    "rotY": 90.0,
    "rotZ": -3.6935711023033946e-07,
    "scaleX": 152.80198669433594,
    "scaleY": 0.30000001192092896,
    "scaleZ": 3.9808740615844727
  },
  "Nickname": "",
  "Description": "",
  "GMNotes": "",
  "ColorDiffuse": {
    "r": 0.08235207945108414,
    "g": 0.05882280319929123,
    "b": 0.03921568766236305
  },
  "LayoutGroupSortIndex": 0,
  "Value": 0,
  "Locked": true,
  "Grid": true,
  "Snap": true,
  "IgnoreFoW": false,
  "MeasureMovement": false,
  "DragSelectable": true,
  "Autoraise": true,
  "Sticky": true,
  "Tooltip": true,
  "GridProjection": false,
  "HideWhenFaceDown": false,
  "Hands": false
}
