{
  "Name": "BlockSquare",
  "Transform": {
    "posX": -48.82868194580078,
    "posY": 0.8799999952316284,
    "posZ": 47.71984100341797,
    "rotX": -0.0,
    "rotY": 180.0,
    "rotZ": -1.260473709407961e-06,
    "scaleX": 17.876419067382812,
    "scaleY": 0.05999999865889549,
    "scaleZ": 17.95383071899414
  },
  "Nickname": "",
  "Description": "",
  "GMNotes": "",
  "ColorDiffuse": {
    "r": 0.4980388879776001,
    "g": 0.46666640043258667,
    "b": 0.46666640043258667,
    "a": 0.32613906264305115
  },
  "LayoutGroupSortIndex": 0,
  "Locked": true,
  "Grid": true,
  "Snap": true,
  "IgnoreFoW": false,
  "MeasureMovement": false,
  "DragSelectable": true,
  "Autoraise": true,
  "Sticky": true,
  "Tooltip": true,
  "GridProjection": false,
  "HideWhenFaceDown": false,
  "Hands": false
}
