{
  "Name": "BlockSquare",
  "Transform": {
    "posX": -44.042457580566406,
    "posY": 0.8097979426383972,
    "posZ": 55.41692352294922,
    "rotX": -0.0,
    "rotY": 180.0,
    "rotZ": -1.260473709407961e-06,
    "scaleX": 16.561100006103516,
    "scaleY": 0.05999999865889549,
    "scaleZ": 13.408186912536621
  },
  "Nickname": "",
  "Description": "",
  "GMNotes": "",
  "ColorDiffuse": {
    "r": 0.4980388879776001,
    "g": 0.46666640043258667,
    "b": 0.46666640043258667,
    "a": 0.32613906264305115
  },
  "LayoutGroupSortIndex": 0,
  "Value": 0,
  "Locked": true,
  "Grid": true,
  "Snap": true,
  "IgnoreFoW": false,
  "MeasureMovement": false,
  "DragSelectable": true,
  "Autoraise": true,
  "Sticky": true,
  "Tooltip": true,
  "GridProjection": false,
  "HideWhenFaceDown": false,
  "Hands": false
}
