{
  "Name": "BlockSquare",
  "Transform": {
    "posX": -44.04249954223633,
    "posY": 0.8098000288009644,
    "posZ": 55.416900634765625,
    "rotX": -0.0,
    "rotY": 180.0,
    "rotZ": 0.0,
    "scaleX": 16.561100006103516,
    "scaleY": 0.05999999865889549,
    "scaleZ": 13.40820026397705
  },
  "Nickname": "",
  "Description": "",
  "GMNotes": "",
  "AltLookAngle": {
    "x": 0.0,
    "y": 0.0,
    "z": 0.0
  },
  "ColorDiffuse": {
    "r": 0.49799996614456177,
    "g": 0.4666999578475952,
    "b": 0.4666999578475952,
    "a": 0.3260999917984009
  },
  "Tags": [
    "Uninteractable"
  ],
  "LayoutGroupSortIndex": 0,
  "Value": 0,
  "Locked": true,
  "Grid": false,
  "Snap": false,
  "IgnoreFoW": false,
  "MeasureMovement": false,
  "DragSelectable": true,
  "Autoraise": true,
  "Sticky": true,
  "Tooltip": true,
  "GridProjection": false,
  "HideWhenFaceDown": false,
  "Hands": false
}
